user_0,user_0@example.com,password
user_1,user_1@example.com,password
user_2,user_2@example.com,password
user_3,user_3@example.com,password
user_4,user_4@example.com,password
user_5,user_5@example.com,password
user_6,user_6@example.com,password
user_7,user_7@example.com,password
user_8,user_8@example.com,password
user_9,user_9@example.com,password
user_10,user_10@example.com,password
user_11,user_11@example.com,password
user_12,user_12@example.com,password
user_13,user_13@example.com,password
user_14,user_14@example.com,password
user_15,user_15@example.com,password
user_16,user_16@example.com,password
user_17,user_17@example.com,password
user_18,user_18@example.com,password
user_19,user_19@example.com,password
user_20,user_20@example.com,password
user_21,user_21@example.com,password
user_22,user_22@example.com,password
user_23,user_23@example.com,password
user_24,user_24@example.com,password
user_25,user_25@example.com,password
user_26,user_26@example.com,password
user_27,user_27@example.com,password
user_28,user_28@example.com,password
user_29,user_29@example.com,password
user_30,user_30@example.com,password
user_31,user_31@example.com,password
user_32,user_32@example.com,password
user_33,user_33@example.com,password
user_34,user_34@example.com,password
user_35,user_35@example.com,password
user_36,user_36@example.com,password
user_37,user_37@example.com,password
user_38,user_38@example.com,password
user_39,user_39@example.com,password
user_40,user_40@example.com,password
user_41,user_41@example.com,password
user_42,user_42@example.com,password
user_43,user_43@example.com,password
user_44,user_44@example.com,password
user_45,user_45@example.com,password
user_46,user_46@example.com,password
user_47,user_47@example.com,password
user_48,user_48@example.com,password
user_49,user_49@example.com,password
user_50,user_50@example.com,password
user_51,user_51@example.com,password
user_52,user_52@example.com,password
user_53,user_53@example.com,password
user_54,user_54@example.com,password
user_55,user_55@example.com,password
user_56,user_56@example.com,password
user_57,user_57@example.com,password
user_58,user_58@example.com,password
user_59,user_59@example.com,password
user_60,user_60@example.com,password
user_61,user_61@example.com,password
user_62,user_62@example.com,password
user_63,user_63@example.com,password
user_64,user_64@example.com,password
user_65,user_65@example.com,password
user_66,user_66@example.com,password
user_67,user_67@example.com,password
user_68,user_68@example.com,password
user_69,user_69@example.com,password
user_70,user_70@example.com,password
user_71,user_71@example.com,password
user_72,user_72@example.com,password
user_73,user_73@example.com,password
user_74,user_74@example.com,password
user_75,user_75@example.com,password
user_76,user_76@example.com,password
user_77,user_77@example.com,password
user_78,user_78@example.com,password
user_79,user_79@example.com,password
user_80,user_80@example.com,password
user_81,user_81@example.com,password
user_82,user_82@example.com,password
user_83,user_83@example.com,password
user_84,user_84@example.com,password
user_85,user_85@example.com,password
user_86,user_86@example.com,password
user_87,user_87@example.com,password
user_88,user_88@example.com,password
user_89,user_89@example.com,password
user_90,user_90@example.com,password
user_91,user_91@example.com,password
user_92,user_92@example.com,password
user_93,user_93@example.com,password
user_94,user_94@example.com,password
user_95,user_95@example.com,password
user_96,user_96@example.com,password
user_97,user_97@example.com,password
user_98,user_98@example.com,password
user_99,user_99@example.com,password
user_100,user_100@example.com,password
user_101,user_101@example.com,password
user_102,user_102@example.com,password
user_103,user_103@example.com,password
user_104,user_104@example.com,password
user_105,user_105@example.com,password
user_106,user_106@example.com,password
user_107,user_107@example.com,password
user_108,user_108@example.com,password
user_109,user_109@example.com,password
user_110,user_110@example.com,password
user_111,user_111@example.com,password
user_112,user_112@example.com,password
user_113,user_113@example.com,password
user_114,user_114@example.com,password
user_115,user_115@example.com,password
user_116,user_116@example.com,password
user_117,user_117@example.com,password
user_118,user_118@example.com,password
user_119,user_119@example.com,password
user_120,user_120@example.com,password
user_121,user_121@example.com,password
user_122,user_122@example.com,password
user_123,user_123@example.com,password
user_124,user_124@example.com,password
user_125,user_125@example.com,password
user_126,user_126@example.com,password
user_127,user_127@example.com,password
user_128,user_128@example.com,password
user_129,user_129@example.com,password
user_130,user_130@example.com,password
user_131,user_131@example.com,password
user_132,user_132@example.com,password
user_133,user_133@example.com,password
user_134,user_134@example.com,password
user_135,user_135@example.com,password
user_136,user_136@example.com,password
user_137,user_137@example.com,password
user_138,user_138@example.com,password
user_139,user_139@example.com,password
user_140,user_140@example.com,password
user_141,user_141@example.com,password
user_142,user_142@example.com,password
user_143,user_143@example.com,password
user_144,user_144@example.com,password
user_145,user_145@example.com,password
user_146,user_146@example.com,password
user_147,user_147@example.com,password
user_148,user_148@example.com,password
user_149,user_149@example.com,password
user_150,user_150@example.com,password
user_151,user_151@example.com,password
user_152,user_152@example.com,password
user_153,user_153@example.com,password
user_154,user_154@example.com,password
user_155,user_155@example.com,password
user_156,user_156@example.com,password
user_157,user_157@example.com,password
user_158,user_158@example.com,password
user_159,user_159@example.com,password
user_160,user_160@example.com,password
user_161,user_161@example.com,password
user_162,user_162@example.com,password
user_163,user_163@example.com,password
user_164,user_164@example.com,password
user_165,user_165@example.com,password
user_166,user_166@example.com,password
user_167,user_167@example.com,password
user_168,user_168@example.com,password
user_169,user_169@example.com,password
user_170,user_170@example.com,password
user_171,user_171@example.com,password
user_172,user_172@example.com,password
user_173,user_173@example.com,password
user_174,user_174@example.com,password
user_175,user_175@example.com,password
user_176,user_176@example.com,password
user_177,user_177@example.com,password
user_178,user_178@example.com,password
user_179,user_179@example.com,password
user_180,user_180@example.com,password
user_181,user_181@example.com,password
user_182,user_182@example.com,password
user_183,user_183@example.com,password
user_184,user_184@example.com,password
user_185,user_185@example.com,password
user_186,user_186@example.com,password
user_187,user_187@example.com,password
user_188,user_188@example.com,password
user_189,user_189@example.com,password
user_190,user_190@example.com,password
user_191,user_191@example.com,password
user_192,user_192@example.com,password
user_193,user_193@example.com,password
user_194,user_194@example.com,password
user_195,user_195@example.com,password
user_196,user_196@example.com,password
user_197,user_197@example.com,password
user_198,user_198@example.com,password
user_199,user_199@example.com,password
user_200,user_200@example.com,password
user_201,user_201@example.com,password
user_202,user_202@example.com,password
user_203,user_203@example.com,password
user_204,user_204@example.com,password
user_205,user_205@example.com,password
user_206,user_206@example.com,password
user_207,user_207@example.com,password
user_208,user_208@example.com,password
user_209,user_209@example.com,password
user_210,user_210@example.com,password
user_211,user_211@example.com,password
user_212,user_212@example.com,password
user_213,user_213@example.com,password
user_214,user_214@example.com,password
user_215,user_215@example.com,password
user_216,user_216@example.com,password
user_217,user_217@example.com,password
user_218,user_218@example.com,password
user_219,user_219@example.com,password
user_220,user_220@example.com,password
user_221,user_221@example.com,password
user_222,user_222@example.com,password
user_223,user_223@example.com,password
user_224,user_224@example.com,password
user_225,user_225@example.com,password
user_226,user_226@example.com,password
user_227,user_227@example.com,password
user_228,user_228@example.com,password
user_229,user_229@example.com,password
user_230,user_230@example.com,password
user_231,user_231@example.com,password
user_232,user_232@example.com,password
user_233,user_233@example.com,password
user_234,user_234@example.com,password
user_235,user_235@example.com,password
user_236,user_236@example.com,password
user_237,user_237@example.com,password
user_238,user_238@example.com,password
user_239,user_239@example.com,password
user_240,user_240@example.com,password
user_241,user_241@example.com,password
user_242,user_242@example.com,password
user_243,user_243@example.com,password
user_244,user_244@example.com,password
user_245,user_245@example.com,password
user_246,user_246@example.com,password
user_247,user_247@example.com,password
user_248,user_248@example.com,password
user_249,user_249@example.com,password
user_250,user_250@example.com,password
user_251,user_251@example.com,password
user_252,user_252@example.com,password
user_253,user_253@example.com,password
user_254,user_254@example.com,password
user_255,user_255@example.com,password
user_256,user_256@example.com,password
user_257,user_257@example.com,password
user_258,user_258@example.com,password
user_259,user_259@example.com,password
user_260,user_260@example.com,password
user_261,user_261@example.com,password
user_262,user_262@example.com,password
user_263,user_263@example.com,password
user_264,user_264@example.com,password
user_265,user_265@example.com,password
user_266,user_266@example.com,password
user_267,user_267@example.com,password
user_268,user_268@example.com,password
user_269,user_269@example.com,password
user_270,user_270@example.com,password
user_271,user_271@example.com,password
user_272,user_272@example.com,password
user_273,user_273@example.com,password
user_274,user_274@example.com,password
user_275,user_275@example.com,password
user_276,user_276@example.com,password
user_277,user_277@example.com,password
user_278,user_278@example.com,password
user_279,user_279@example.com,password
user_280,user_280@example.com,password
user_281,user_281@example.com,password
user_282,user_282@example.com,password
user_283,user_283@example.com,password
user_284,user_284@example.com,password
user_285,user_285@example.com,password
user_286,user_286@example.com,password
user_287,user_287@example.com,password
user_288,user_288@example.com,password
user_289,user_289@example.com,password
user_290,user_290@example.com,password
user_291,user_291@example.com,password
user_292,user_292@example.com,password
user_293,user_293@example.com,password
user_294,user_294@example.com,password
user_295,user_295@example.com,password
user_296,user_296@example.com,password
user_297,user_297@example.com,password
user_298,user_298@example.com,password
user_299,user_299@example.com,password
user_300,user_300@example.com,password
user_301,user_301@example.com,password
user_302,user_302@example.com,password
user_303,user_303@example.com,password
user_304,user_304@example.com,password
user_305,user_305@example.com,password
user_306,user_306@example.com,password
user_307,user_307@example.com,password
user_308,user_308@example.com,password
user_309,user_309@example.com,password
user_310,user_310@example.com,password
user_311,user_311@example.com,password
user_312,user_312@example.com,password
user_313,user_313@example.com,password
user_314,user_314@example.com,password
user_315,user_315@example.com,password
user_316,user_316@example.com,password
user_317,user_317@example.com,password
user_318,user_318@example.com,password
user_319,user_319@example.com,password
user_320,user_320@example.com,password
user_321,user_321@example.com,password
user_322,user_322@example.com,password
user_323,user_323@example.com,password
user_324,user_324@example.com,password
user_325,user_325@example.com,password
user_326,user_326@example.com,password
user_327,user_327@example.com,password
user_328,user_328@example.com,password
user_329,user_329@example.com,password
user_330,user_330@example.com,password
user_331,user_331@example.com,password
user_332,user_332@example.com,password
user_333,user_333@example.com,password
user_334,user_334@example.com,password
user_335,user_335@example.com,password
user_336,user_336@example.com,password
user_337,user_337@example.com,password
user_338,user_338@example.com,password
user_339,user_339@example.com,password
user_340,user_340@example.com,password
user_341,user_341@example.com,password
user_342,user_342@example.com,password
user_343,user_343@example.com,password
user_344,user_344@example.com,password
user_345,user_345@example.com,password
user_346,user_346@example.com,password
user_347,user_347@example.com,password
user_348,user_348@example.com,password
user_349,user_349@example.com,password
user_350,user_350@example.com,password
user_351,user_351@example.com,password
user_352,user_352@example.com,password
user_353,user_353@example.com,password
user_354,user_354@example.com,password
user_355,user_355@example.com,password
user_356,user_356@example.com,password
user_357,user_357@example.com,password
user_358,user_358@example.com,password
user_359,user_359@example.com,password
user_360,user_360@example.com,password
user_361,user_361@example.com,password
user_362,user_362@example.com,password
user_363,user_363@example.com,password
user_364,user_364@example.com,password
user_365,user_365@example.com,password
user_366,user_366@example.com,password
user_367,user_367@example.com,password
user_368,user_368@example.com,password
user_369,user_369@example.com,password
user_370,user_370@example.com,password
user_371,user_371@example.com,password
user_372,user_372@example.com,password
user_373,user_373@example.com,password
user_374,user_374@example.com,password
user_375,user_375@example.com,password
user_376,user_376@example.com,password
user_377,user_377@example.com,password
user_378,user_378@example.com,password
user_379,user_379@example.com,password
user_380,user_380@example.com,password
user_381,user_381@example.com,password
user_382,user_382@example.com,password
user_383,user_383@example.com,password
user_384,user_384@example.com,password
user_385,user_385@example.com,password
user_386,user_386@example.com,password
user_387,user_387@example.com,password
user_388,user_388@example.com,password
user_389,user_389@example.com,password
user_390,user_390@example.com,password
user_391,user_391@example.com,password
user_392,user_392@example.com,password
user_393,user_393@example.com,password
user_394,user_394@example.com,password
user_395,user_395@example.com,password
user_396,user_396@example.com,password
user_397,user_397@example.com,password
user_398,user_398@example.com,password
user_399,user_399@example.com,password
user_400,user_400@example.com,password
user_401,user_401@example.com,password
user_402,user_402@example.com,password
user_403,user_403@example.com,password
user_404,user_404@example.com,password
user_405,user_405@example.com,password
user_406,user_406@example.com,password
user_407,user_407@example.com,password
user_408,user_408@example.com,password
user_409,user_409@example.com,password
user_410,user_410@example.com,password
user_411,user_411@example.com,password
user_412,user_412@example.com,password
user_413,user_413@example.com,password
user_414,user_414@example.com,password
user_415,user_415@example.com,password
user_416,user_416@example.com,password
user_417,user_417@example.com,password
user_418,user_418@example.com,password
user_419,user_419@example.com,password
user_420,user_420@example.com,password
user_421,user_421@example.com,password
user_422,user_422@example.com,password
user_423,user_423@example.com,password
user_424,user_424@example.com,password
user_425,user_425@example.com,password
user_426,user_426@example.com,password
user_427,user_427@example.com,password
user_428,user_428@example.com,password
user_429,user_429@example.com,password
user_430,user_430@example.com,password
user_431,user_431@example.com,password
user_432,user_432@example.com,password
user_433,user_433@example.com,password
user_434,user_434@example.com,password
user_435,user_435@example.com,password
user_436,user_436@example.com,password
user_437,user_437@example.com,password
user_438,user_438@example.com,password
user_439,user_439@example.com,password
user_440,user_440@example.com,password
user_441,user_441@example.com,password
user_442,user_442@example.com,password
user_443,user_443@example.com,password
user_444,user_444@example.com,password
user_445,user_445@example.com,password
user_446,user_446@example.com,password
user_447,user_447@example.com,password
user_448,user_448@example.com,password
user_449,user_449@example.com,password
user_450,user_450@example.com,password
user_451,user_451@example.com,password
user_452,user_452@example.com,password
user_453,user_453@example.com,password
user_454,user_454@example.com,password
user_455,user_455@example.com,password
user_456,user_456@example.com,password
user_457,user_457@example.com,password
user_458,user_458@example.com,password
user_459,user_459@example.com,password
user_460,user_460@example.com,password
user_461,user_461@example.com,password
user_462,user_462@example.com,password
user_463,user_463@example.com,password
user_464,user_464@example.com,password
user_465,user_465@example.com,password
user_466,user_466@example.com,password
user_467,user_467@example.com,password
user_468,user_468@example.com,password
user_469,user_469@example.com,password
user_470,user_470@example.com,password
user_471,user_471@example.com,password
user_472,user_472@example.com,password
user_473,user_473@example.com,password
user_474,user_474@example.com,password
user_475,user_475@example.com,password
user_476,user_476@example.com,password
user_477,user_477@example.com,password
user_478,user_478@example.com,password
user_479,user_479@example.com,password
user_480,user_480@example.com,password
user_481,user_481@example.com,password
user_482,user_482@example.com,password
user_483,user_483@example.com,password
user_484,user_484@example.com,password
user_485,user_485@example.com,password
user_486,user_486@example.com,password
user_487,user_487@example.com,password
user_488,user_488@example.com,password
user_489,user_489@example.com,password
user_490,user_490@example.com,password
user_491,user_491@example.com,password
user_492,user_492@example.com,password
user_493,user_493@example.com,password
user_494,user_494@example.com,password
user_495,user_495@example.com,password
user_496,user_496@example.com,password
user_497,user_497@example.com,password
user_498,user_498@example.com,password
user_499,user_499@example.com,password
